{"questions":{"1":[{"id":0,"question":{"text":"Is it too late for this?","date":"11/11/2020 2:08","lab":"1","author":"Maybe Perhaps"}}],"5":[{"id":0,"question":{"text":"Can I finish before it's due?","date":"11/11/2020 2:08","lab":"5","author":"Soren says yes"}}]},"resources":{"1":[{"id":0,"resource":{"files":"C:\\fakepath\\Screen Shot 2020-10-25 at 4.45.16 PM.png","text":"","date":"11/11/2020 2:08","lab":"1","author":""}},{"id":1,"resource":{"files":"C:\\fakepath\\Fall 2020 Schedule.png","text":"","date":"11/11/2020 2:08","lab":"1","author":""}}]},"statistics":{"resourcesPosted":2,"questionsAsked":2,"failedGETRequests":0,"successfulGETRequests":4,"failedPOSTRequests":0,"successfulPOSTRequests":4,"lastQuestionPosted":"11/11/2020 2:07","lastResourcePosted":"11/11/2020 2:07"}}